nrporzadkowy;imie;nazwisko;plec(KM);nrtelefonu;email
1;Agata;Kowalska;K;818803491;abc@op.pl
2;Pawel;Abacki;M;888803491;abc1@op.pl
3;Piotr;Cabacki;M;838803491;abc2@wp.pl
4;Mateusz;Babacki;M;228803491;abc3@op.com
5;Olga;Nowak;K;228803491;abc4@gmail.pl
6;Anna;Adamek;K;238803491;abc5@op.pl
7;Anna;Adamczyk;K;678803491;abc6@op.pl
8;Monika;Mazur;K;818803491;abc7@outlook.com
9;Tadeusz;Krzak;M;228803491;abc8@vp.pl
10;Mariola;Mazur;K;678803491;abc9@interia.pl
11;Michal;Kowalski;M;128803491;abc10@op.pl
12;Pawel;Socha;M;148803491;abc11@gmail.pl
13;Wiktor;Kowalski;M;228803491;abc12@gmail.pl
14;Karol;Seba;M;818803491;abc13@wp.pl
15;Marlena;Kot;K;818803491;
16;Jolanta;Pies;K;908803491;abc15@outlook.com
17;Zbigniew;Pies;M;888803491;
18;Dariusz;Nowakowski;M;228803491;abc17@wp.pl
19;Dominika;Gaweda;K;458803491;abc18@gmail.pl
20;Dagmara;Sokal;K;678803491;abc19@gmail.com
21;Karol;Kozidrak;M;818803491;
22;Konrad;Jukatan;M;818803491;abc21@interia.pl
23;Patryk;Rural;M;228803491;abc22@vp.pl
24;Kamil;Anders;M;228803491;abc23@vp.pl
25;Marlena;Nowak;K;348803491;abc24@hotmail.com
26;Bogdan;Cebula;M;988803491;abc25@hotmail.om
27;Michal;Mak;M;228803491;abc26@hotmail.com
28;Marek;Rak;M;818803491;abc27@op.pl
29;Mariusz;Krzaczek;M;278803491;
30;Edyta;Katar;K;878803491;abc29@gmail.pl